{
  "trainingPhrases": [ {
    "parts": [ {
      "text": "delivery",
      "parameterId": "del_option"
    } ],
    "repeatCount": 1,
    "languageCode": "en"
  }, {
    "parts": [ {
      "text": "pack it",
      "parameterId": "del_option"
    } ],
    "repeatCount": 1,
    "languageCode": "en"
  }, {
    "parts": [ {
      "text": "takeaway",
      "parameterId": "del_option"
    } ],
    "repeatCount": 1,
    "languageCode": "en"
  }, {
    "parts": [ {
      "text": "take away",
      "parameterId": "del_option"
    } ],
    "repeatCount": 1,
    "languageCode": "en"
  }, {
    "parts": [ {
      "text": "eat in",
      "parameterId": "del_option"
    } ],
    "repeatCount": 1,
    "languageCode": "en"
  } ]
}
