{
  "trainingPhrases": [ {
    "parts": [ {
      "text": "Avocado Toast",
      "parameterId": "breakfast-type",
      "auto": true
    } ],
    "repeatCount": 1,
    "languageCode": "en"
  }, {
    "parts": [ {
      "text": "I would like the ",
      "auto": true
    }, {
      "text": "Avocado Cheese Toast",
      "parameterId": "breakfast-type",
      "auto": true
    } ],
    "repeatCount": 1,
    "languageCode": "en"
  }, {
    "parts": [ {
      "text": "I would like a ",
      "auto": true
    }, {
      "text": "Chocolate Croissant",
      "parameterId": "breakfast-type",
      "auto": true
    } ],
    "repeatCount": 1,
    "languageCode": "en"
  }, {
    "parts": [ {
      "text": "An ",
      "auto": true
    }, {
      "text": "Almond Croissant",
      "parameterId": "breakfast-type",
      "auto": true
    }, {
      "text": " please",
      "auto": true
    } ],
    "repeatCount": 1,
    "languageCode": "en"
  }, {
    "parts": [ {
      "text": "I would like some ",
      "auto": true
    }, {
      "text": "toast",
      "parameterId": "breakfast-type",
      "auto": true
    } ],
    "repeatCount": 1,
    "languageCode": "en"
  } ]
}
