{
  "trainingPhrases": [ {
    "parts": [ {
      "text": "What's on the menu?",
      "auto": true
    } ],
    "repeatCount": 1,
    "languageCode": "en"
  }, {
    "parts": [ {
      "text": "What type of breakfast do you offer?",
      "auto": true
    } ],
    "repeatCount": 1,
    "languageCode": "en"
  }, {
    "parts": [ {
      "text": "What type of food do you offer?",
      "auto": true
    } ],
    "repeatCount": 1,
    "languageCode": "en"
  }, {
    "parts": [ {
      "text": "What do you offer?",
      "auto": true
    } ],
    "repeatCount": 1,
    "languageCode": "en"
  } ]
}
