{
  "trainingPhrases": [ {
    "parts": [ {
      "text": "large",
      "parameterId": "coffee-size",
      "auto": true
    } ],
    "repeatCount": 1,
    "languageCode": "en"
  }, {
    "parts": [ {
      "text": "medium",
      "parameterId": "coffee-size",
      "auto": true
    }, {
      "text": " please",
      "auto": true
    } ],
    "repeatCount": 1,
    "languageCode": "en"
  }, {
    "parts": [ {
      "text": "espresso",
      "parameterId": "coffee-type",
      "auto": true
    }, {
      "text": " please",
      "auto": true
    } ],
    "repeatCount": 1,
    "languageCode": "en"
  }, {
    "parts": [ {
      "text": "a "
    }, {
      "text": "medium",
      "parameterId": "coffee-size"
    }, {
      "text": " "
    }, {
      "text": "cappuccino"
    } ],
    "repeatCount": 1,
    "languageCode": "en"
  }, {
    "parts": [ {
      "text": "espresso"
    } ],
    "repeatCount": 1,
    "languageCode": "en"
  } ]
}
