{
  "trainingPhrases": [ {
    "id": "14c36f19-6224-4697-b7c6-edb689ffc47f",
    "parts": [ {
      "text": "just going to say hi",
      "auto": true
    } ],
    "repeatCount": 1,
    "languageCode": "en"
  }, {
    "id": "d70deb7e-bb1e-41bb-8c91-b3ad910641ed",
    "parts": [ {
      "text": "heya",
      "auto": true
    } ],
    "repeatCount": 1,
    "languageCode": "en"
  }, {
    "id": "50218695-a3cf-4661-82c2-5c591e2c7872",
    "parts": [ {
      "text": "hello hi",
      "auto": true
    } ],
    "repeatCount": 1,
    "languageCode": "en"
  }, {
    "id": "8b386f52-346e-416f-85e3-da3ec634afc9",
    "parts": [ {
      "text": "howdy",
      "auto": true
    } ],
    "repeatCount": 1,
    "languageCode": "en"
  }, {
    "id": "6e6dfb7b-c4ce-40cb-a2c5-6c9b58c0239e",
    "parts": [ {
      "text": "hey there",
      "auto": true
    } ],
    "repeatCount": 1,
    "languageCode": "en"
  }, {
    "id": "727ffef5-75bf-440a-bb4e-d0d834522fa0",
    "parts": [ {
      "text": "hi there",
      "auto": true
    } ],
    "repeatCount": 2,
    "languageCode": "en"
  }, {
    "id": "05161750-3ac4-4dd1-8603-fa54fbf1a01a",
    "parts": [ {
      "text": "greetings",
      "auto": true
    } ],
    "repeatCount": 1,
    "languageCode": "en"
  }, {
    "id": "33cbe944-356c-40b8-a42f-0f0be68e796a",
    "parts": [ {
      "text": "hey",
      "auto": true
    } ],
    "repeatCount": 1,
    "languageCode": "en"
  }, {
    "id": "bd119a2e-0e6b-413c-ba84-3f0df2637420",
    "parts": [ {
      "text": "long time no see",
      "auto": true
    } ],
    "repeatCount": 1,
    "languageCode": "en"
  }, {
    "id": "3b7e2891-bff0-4736-964c-08427e521264",
    "parts": [ {
      "text": "hello",
      "auto": true
    } ],
    "repeatCount": 1,
    "languageCode": "en"
  }, {
    "id": "bb3f4444-b34d-49f7-b7e2-13145235e411",
    "parts": [ {
      "text": "lovely day isn't it",
      "auto": true
    } ],
    "repeatCount": 1,
    "languageCode": "en"
  }, {
    "id": "3160febd-6be0-4f21-9a76-0a7aef1d4c7d",
    "parts": [ {
      "text": "I greet you",
      "auto": true
    } ],
    "repeatCount": 1,
    "languageCode": "en"
  }, {
    "id": "a723bd36-44dd-4ae7-946b-6382dd49a974",
    "parts": [ {
      "text": "hello again",
      "auto": true
    } ],
    "repeatCount": 1,
    "languageCode": "en"
  }, {
    "id": "5ad44754-f1d3-4e6a-94f2-eeab5fffa4cc",
    "parts": [ {
      "text": "hi",
      "auto": true
    } ],
    "repeatCount": 1,
    "languageCode": "en"
  }, {
    "id": "3517d896-85ae-43c9-a355-e4f2968c707d",
    "parts": [ {
      "text": "hello there",
      "auto": true
    } ],
    "repeatCount": 1,
    "languageCode": "en"
  }, {
    "id": "47a89b55-439d-423f-8f6e-cbe151c71efa",
    "parts": [ {
      "text": "a good day",
      "auto": true
    } ],
    "repeatCount": 1,
    "languageCode": "en"
  } ]
}
